"item_id","item_code","bar_code","desc1","desc2","desc3","desc4","division","group","class1","class2","cost","retail_price","model_quantity","supplier_code","manufacturer","quantity","reorder_point","active",
"1","CHA1","2910977430008","Champion","Detergent Powder ","Infinity ","70g","pet","Non-Food","Laundry Products- Detergent Powder","","40","9.65","","Suy Sing","Peerless Products Manufacturing Corp.","239","55","1",
"2","DEL216","4800047820182","Del Monte","Pineapple Juice ","w/ ACE","1.36L","poultry","Food","RTD- Juices","","55.99","63.75","","Suy Sing","Del Monte Phils. Inc.","268","5","1",
"3","IC1","4808888413709","Fortune ","Cigarette","Red Soft Pack","20's","grocery","Non-Food","Cigarettes","","24.5","26.5","","Suy Sing","PMFTC Inc.","258","55","1",
"4","IC2","48037105","Fortune ","Cigarette","Red Soft Pack","20's","grocery","Non-Food","Cigarettes","","24.5","26.5","","PMFTC Inc.","PMFTC Inc.","255","55","0",
"5","IC3","4808680021355","Lady's Choice ","Mayonnaise ","","80mL","grocery","Food","Salad Aids","","25.53","29.75","","Suy Sing","Unilever","255","55","1",
"6","IC4","4902430429399","Rejoice ","Shampoo ","3 in 1 ","70mL","grocery","Non-Food","Hair Care- Shampoo","","37.02","43.5","","Suy Sing"," Procter & Gamble ","255","55","1",
"7","IC5","4801668601228","UFC Golden Fiesta","Corn Oil ","","1L","grocery","Food","Cooking Oil","","150.43","171","","Triple J","NutriAsia","256","55","1",
"8","IC6","4800016653094","Jack 'n Jill Mr. Chips","Nacho ","Cheese 100g","100g","grocery","Food","Snacks","","17.13","21","","PGG","URC","263","55","1",
"9","IC7","4807770120473","Rebisco Super Thin ","Crackers","Cheese","30g","grocery","Food","Biscuits, Cookies and Cakes","","4.32","5","","RZM","Republic Biscuit Corp.","258","55","1",
